fit_id,family,base,seed,train_folds,training_posts,converged,evaluation_coverage,evaluation_fold,evaluation_posts,evaluation_regions,fit,human_review_coverage,iterations,largest_region_share_all_evaluation,mean_evaluation_cosine_distance,seconds,task_id,training_coverage,training_folds,training_regions,density_k_over_training_n,concentration_cap_hits,mean_evaluation_log_density,mean_max_membership,threshold_radius
spherical_kmeans_k10_seed11_trainA,spherical_kmeans,spherical_kmeans_k10,11,A,20000,True,1.0,B,20000,10,spherical_kmeans_k10_seed11_trainA,1.0,21,0.13395,0.616323536906227,5.427975638012867,0,1.0,A,10,,,,,
spherical_kmeans_k10_seed11_trainA,spherical_kmeans,spherical_kmeans_k10,11,A,20000,True,1.0,C,20000,10,spherical_kmeans_k10_seed11_trainA,1.0,21,0.13435,0.6159526514855884,5.427975638012867,0,1.0,A,10,,,,,
spherical_kmeans_k10_seed29_trainA,spherical_kmeans,spherical_kmeans_k10,29,A,20000,True,1.0,B,20000,10,spherical_kmeans_k10_seed29_trainA,1.0,36,0.18415,0.6167449884064221,6.978131369978655,1,1.0,A,10,,,,,
spherical_kmeans_k10_seed29_trainA,spherical_kmeans,spherical_kmeans_k10,29,A,20000,True,1.0,C,20000,10,spherical_kmeans_k10_seed29_trainA,1.0,36,0.1873,0.6162445193812212,6.978131369978655,1,1.0,A,10,,,,,
spherical_kmeans_k20_seed11_trainA,spherical_kmeans,spherical_kmeans_k20,11,A,20000,True,1.0,B,20000,20,spherical_kmeans_k20_seed11_trainA,1.0,49,0.0729,0.5901986445142383,13.795985160395503,2,1.0,A,20,,,,,
spherical_kmeans_k20_seed11_trainA,spherical_kmeans,spherical_kmeans_k20,11,A,20000,True,1.0,C,20000,20,spherical_kmeans_k20_seed11_trainA,1.0,49,0.07405,0.5895827132146546,13.795985160395503,2,1.0,A,20,,,,,
spherical_kmeans_k20_seed29_trainA,spherical_kmeans,spherical_kmeans_k20,29,A,20000,True,1.0,B,20000,20,spherical_kmeans_k20_seed29_trainA,1.0,24,0.11185,0.5901179801837257,4.737294481135905,3,1.0,A,20,,,,,
spherical_kmeans_k20_seed29_trainA,spherical_kmeans,spherical_kmeans_k20,29,A,20000,True,1.0,C,20000,20,spherical_kmeans_k20_seed29_trainA,1.0,24,0.109,0.5890876567287366,4.737294481135905,3,1.0,A,20,,,,,
vmf_k10_seed11_trainA,vmf,vmf_k10,11,A,20000,True,1.0,B,20000,10,vmf_k10_seed11_trainA,1.0,189,0.14315,,56.17633093567565,4,1.0,A,10,,0,8217.104600418152,0.9947960628286366,
vmf_k10_seed11_trainA,vmf,vmf_k10,11,A,20000,True,1.0,C,20000,10,vmf_k10_seed11_trainA,1.0,189,0.14125,,56.17633093567565,4,1.0,A,10,,0,8218.17275481041,0.99455852289677,
vmf_k10_seed29_trainA,vmf,vmf_k10,29,A,20000,True,1.0,B,20000,10,vmf_k10_seed29_trainA,1.0,86,0.1867,,40.137107148300856,5,1.0,A,10,,0,8217.596805168572,0.995106328267217,
vmf_k10_seed29_trainA,vmf,vmf_k10,29,A,20000,True,1.0,C,20000,10,vmf_k10_seed29_trainA,1.0,86,0.1874,,40.137107148300856,5,1.0,A,10,,0,8218.241968454928,0.994555658420454,
vmf_k20_seed11_trainA,vmf,vmf_k20,11,A,20000,True,1.0,B,20000,20,vmf_k20_seed11_trainA,1.0,207,0.08105,,99.92700414155843,6,1.0,A,20,,0,8256.68588066938,0.9952828896801273,
vmf_k20_seed11_trainA,vmf,vmf_k20,11,A,20000,True,1.0,C,20000,20,vmf_k20_seed11_trainA,1.0,207,0.08415,,99.92700414155843,6,1.0,A,20,,0,8257.931072914549,0.994869513026178,
vmf_k20_seed29_trainA,vmf,vmf_k20,29,A,20000,True,1.0,B,20000,20,vmf_k20_seed29_trainA,1.0,143,0.088,,117.66558396071196,7,1.0,A,20,,0,8257.057529680507,0.9950762578136795,
vmf_k20_seed29_trainA,vmf,vmf_k20,29,A,20000,True,1.0,C,20000,20,vmf_k20_seed29_trainA,1.0,143,0.08585,,117.66558396071196,7,1.0,A,20,,0,8258.375036526351,0.9951022155058967,
density_nn15_q0.5_trainA,density,density_nn15_q0.5,,A,20000,deterministic,0.6918,B,20000,1,density_nn15_q0.5_trainA,0.6133333333333333,,0.6918,,12.658486638218164,8,0.49995,A,1,0.00075,,,,1.1179573545762111
density_nn15_q0.5_trainA,density,density_nn15_q0.5,,A,20000,deterministic,0.68755,C,20000,1,density_nn15_q0.5_trainA,0.6133333333333333,,0.68755,,12.658486638218164,8,0.49995,A,1,0.00075,,,,1.1179573545762111
density_nn15_q0.8_trainA,density,density_nn15_q0.8,,A,20000,deterministic,0.35005,B,20000,3,density_nn15_q0.8_trainA,0.30666666666666664,,0.3458,,0.6867052740417421,9,0.19395,A,3,0.00075,,,,1.0631154377864873
density_nn15_q0.8_trainA,density,density_nn15_q0.8,,A,20000,deterministic,0.3574,C,20000,3,density_nn15_q0.8_trainA,0.30666666666666664,,0.35275,,0.6867052740417421,9,0.19395,A,3,0.00075,,,,1.0631154377864873
density_nn30_q0.5_trainA,density,density_nn30_q0.5,,A,20000,deterministic,0.81645,B,20000,1,density_nn30_q0.5_trainA,0.6833333333333333,,0.81645,,0.7885383699904196,10,0.50005,A,1,0.0015,,,,1.145270678885639
density_nn30_q0.5_trainA,density,density_nn30_q0.5,,A,20000,deterministic,0.81605,C,20000,1,density_nn30_q0.5_trainA,0.6833333333333333,,0.81605,,0.7885383699904196,10,0.50005,A,1,0.0015,,,,1.145270678885639
density_nn30_q0.8_trainA,density,density_nn30_q0.8,,A,20000,deterministic,0.4963,B,20000,1,density_nn30_q0.8_trainA,0.38333333333333336,,0.4963,,0.577987106051296,11,0.19965,A,1,0.0015,,,,1.097599855492715
density_nn30_q0.8_trainA,density,density_nn30_q0.8,,A,20000,deterministic,0.4978,C,20000,1,density_nn30_q0.8_trainA,0.38333333333333336,,0.4978,,0.577987106051296,11,0.19965,A,1,0.0015,,,,1.097599855492715
spherical_kmeans_k10_seed11_trainB,spherical_kmeans,spherical_kmeans_k10,11,B,20000,True,1.0,A,20000,10,spherical_kmeans_k10_seed11_trainB,1.0,36,0.15085,0.6155739439342142,7.730839453171939,12,1.0,B,10,,,,,
spherical_kmeans_k10_seed11_trainB,spherical_kmeans,spherical_kmeans_k10,11,B,20000,True,1.0,C,20000,10,spherical_kmeans_k10_seed11_trainB,1.0,36,0.15315,0.6158340396257068,7.730839453171939,12,1.0,B,10,,,,,
spherical_kmeans_k10_seed29_trainB,spherical_kmeans,spherical_kmeans_k10,29,B,20000,True,1.0,A,20000,10,spherical_kmeans_k10_seed29_trainB,1.0,22,0.15615,0.6154146849671118,4.239755512680858,13,1.0,B,10,,,,,
spherical_kmeans_k10_seed29_trainB,spherical_kmeans,spherical_kmeans_k10,29,B,20000,True,1.0,C,20000,10,spherical_kmeans_k10_seed29_trainB,1.0,22,0.1577,0.6162534556710467,4.239755512680858,13,1.0,B,10,,,,,
spherical_kmeans_k20_seed11_trainB,spherical_kmeans,spherical_kmeans_k20,11,B,20000,True,1.0,A,20000,20,spherical_kmeans_k20_seed11_trainB,1.0,53,0.0742,0.5890610004903979,8.207999372039922,14,1.0,B,20,,,,,
spherical_kmeans_k20_seed11_trainB,spherical_kmeans,spherical_kmeans_k20,11,B,20000,True,1.0,C,20000,20,spherical_kmeans_k20_seed11_trainB,1.0,53,0.0756,0.5894170169358801,8.207999372039922,14,1.0,B,20,,,,,
spherical_kmeans_k20_seed29_trainB,spherical_kmeans,spherical_kmeans_k20,29,B,20000,True,1.0,A,20000,20,spherical_kmeans_k20_seed29_trainB,1.0,41,0.08765,0.5890838083423129,8.533917792025022,15,1.0,B,20,,,,,
spherical_kmeans_k20_seed29_trainB,spherical_kmeans,spherical_kmeans_k20,29,B,20000,True,1.0,C,20000,20,spherical_kmeans_k20_seed29_trainB,1.0,41,0.09225,0.5901562422944693,8.533917792025022,15,1.0,B,20,,,,,
vmf_k10_seed11_trainB,vmf,vmf_k10,11,B,20000,True,1.0,A,20000,10,vmf_k10_seed11_trainB,1.0,130,0.14395,,54.29988194582984,16,1.0,B,10,,0,8217.637710970352,0.9951342545970787,
vmf_k10_seed11_trainB,vmf,vmf_k10,11,B,20000,True,1.0,C,20000,10,vmf_k10_seed11_trainB,1.0,130,0.14465,,54.29988194582984,16,1.0,B,10,,0,8217.40789718492,0.99491224658151,
vmf_k10_seed29_trainB,vmf,vmf_k10,29,B,20000,True,1.0,A,20000,10,vmf_k10_seed29_trainB,1.0,145,0.1486,,61.41833103308454,17,1.0,B,10,,0,8217.789510660356,0.9946053777823812,
vmf_k10_seed29_trainB,vmf,vmf_k10,29,B,20000,True,1.0,C,20000,10,vmf_k10_seed29_trainB,1.0,145,0.1485,,61.41833103308454,17,1.0,B,10,,0,8216.59985346786,0.9944644863736148,
vmf_k20_seed11_trainB,vmf,vmf_k20,11,B,20000,True,1.0,A,20000,20,vmf_k20_seed11_trainB,1.0,81,0.0855,,44.35604271298507,18,1.0,B,20,,0,8257.869057990358,0.994839347823746,
vmf_k20_seed11_trainB,vmf,vmf_k20,11,B,20000,True,1.0,C,20000,20,vmf_k20_seed11_trainB,1.0,81,0.08575,,44.35604271298507,18,1.0,B,20,,0,8257.790769574563,0.9949812637046013,
vmf_k20_seed29_trainB,vmf,vmf_k20,29,B,20000,True,1.0,A,20000,20,vmf_k20_seed29_trainB,1.0,253,0.08875,,150.08354496199172,19,1.0,B,20,,0,8257.169197197109,0.9950140874977212,
vmf_k20_seed29_trainB,vmf,vmf_k20,29,B,20000,True,1.0,C,20000,20,vmf_k20_seed29_trainB,1.0,253,0.08945,,150.08354496199172,19,1.0,B,20,,0,8255.697130732533,0.9947340632577105,
density_nn15_q0.5_trainB,density,density_nn15_q0.5,,B,20000,deterministic,0.7093,A,20000,1,density_nn15_q0.5_trainB,0.6033333333333334,,0.7093,,12.617805177811533,20,0.49865,B,1,0.00075,,,,1.120386363926658
density_nn15_q0.5_trainB,density,density_nn15_q0.5,,B,20000,deterministic,0.70635,C,20000,1,density_nn15_q0.5_trainB,0.6033333333333334,,0.70635,,12.617805177811533,20,0.49865,B,1,0.00075,,,,1.120386363926658
density_nn15_q0.8_trainB,density,density_nn15_q0.8,,B,20000,deterministic,0.3886,A,20000,2,density_nn15_q0.8_trainB,0.2966666666666667,,0.3855,,6.719074815977365,21,0.1943,B,2,0.00075,,,,1.0667057598732064
density_nn15_q0.8_trainB,density,density_nn15_q0.8,,B,20000,deterministic,0.3802,C,20000,2,density_nn15_q0.8_trainB,0.2966666666666667,,0.3768,,6.719074815977365,21,0.1943,B,2,0.00075,,,,1.0667057598732064
density_nn30_q0.5_trainB,density,density_nn30_q0.5,,B,20000,deterministic,0.8306,A,20000,1,density_nn30_q0.5_trainB,0.7233333333333334,,0.8306,,6.467649132013321,22,0.49995,B,1,0.0015,,,,1.1465299812382006
density_nn30_q0.5_trainB,density,density_nn30_q0.5,,B,20000,deterministic,0.8308,C,20000,1,density_nn30_q0.5_trainB,0.7233333333333334,,0.8308,,6.467649132013321,22,0.49995,B,1,0.0015,,,,1.1465299812382006
density_nn30_q0.8_trainB,density,density_nn30_q0.8,,B,20000,deterministic,0.52065,A,20000,1,density_nn30_q0.8_trainB,0.4,,0.52065,,0.7350939800962806,23,0.19775,B,1,0.0015,,,,1.101293157902081
density_nn30_q0.8_trainB,density,density_nn30_q0.8,,B,20000,deterministic,0.51065,C,20000,1,density_nn30_q0.8_trainB,0.4,,0.51065,,0.7350939800962806,23,0.19775,B,1,0.0015,,,,1.101293157902081
spherical_kmeans_k10_seed11_trainC,spherical_kmeans,spherical_kmeans_k10,11,C,20000,True,1.0,A,20000,10,spherical_kmeans_k10_seed11_trainC,1.0,37,0.1692,0.616358749704135,8.44513859692961,24,1.0,C,10,,,,,
spherical_kmeans_k10_seed11_trainC,spherical_kmeans,spherical_kmeans_k10,11,C,20000,True,1.0,B,20000,10,spherical_kmeans_k10_seed11_trainC,1.0,37,0.17185,0.6174236949087067,8.44513859692961,24,1.0,C,10,,,,,
spherical_kmeans_k10_seed29_trainC,spherical_kmeans,spherical_kmeans_k10,29,C,20000,True,1.0,A,20000,10,spherical_kmeans_k10_seed29_trainC,1.0,32,0.1395,0.6160132791875338,5.4144267262890935,25,1.0,C,10,,,,,
spherical_kmeans_k10_seed29_trainC,spherical_kmeans,spherical_kmeans_k10,29,C,20000,True,1.0,B,20000,10,spherical_kmeans_k10_seed29_trainC,1.0,32,0.13875,0.6169972477574903,5.4144267262890935,25,1.0,C,10,,,,,
spherical_kmeans_k20_seed11_trainC,spherical_kmeans,spherical_kmeans_k20,11,C,20000,True,1.0,A,20000,20,spherical_kmeans_k20_seed11_trainC,1.0,21,0.0872,0.588353535526148,4.588883580989204,26,1.0,C,20,,,,,
spherical_kmeans_k20_seed11_trainC,spherical_kmeans,spherical_kmeans_k20,11,C,20000,True,1.0,B,20000,20,spherical_kmeans_k20_seed11_trainC,1.0,21,0.0895,0.5896527976329129,4.588883580989204,26,1.0,C,20,,,,,
spherical_kmeans_k20_seed29_trainC,spherical_kmeans,spherical_kmeans_k20,29,C,20000,True,1.0,A,20000,20,spherical_kmeans_k20_seed29_trainC,1.0,43,0.0835,0.5879158055248717,13.8529760427773,27,1.0,C,20,,,,,
spherical_kmeans_k20_seed29_trainC,spherical_kmeans,spherical_kmeans_k20,29,C,20000,True,1.0,B,20000,20,spherical_kmeans_k20_seed29_trainC,1.0,43,0.0871,0.5892744434389621,13.8529760427773,27,1.0,C,20,,,,,
vmf_k10_seed11_trainC,vmf,vmf_k10,11,C,20000,True,1.0,A,20000,10,vmf_k10_seed11_trainC,1.0,165,0.14835,,61.664093683008105,28,1.0,C,10,,0,8216.802416744466,0.9947011084459751,
vmf_k10_seed11_trainC,vmf,vmf_k10,11,C,20000,True,1.0,B,20000,10,vmf_k10_seed11_trainC,1.0,165,0.1525,,61.664093683008105,28,1.0,C,10,,0,8215.526171051175,0.9944599643337502,
vmf_k10_seed29_trainC,vmf,vmf_k10,29,C,20000,True,1.0,A,20000,10,vmf_k10_seed29_trainC,1.0,136,0.13245,,67.71814635692863,29,1.0,C,10,,0,8217.821686345884,0.9946962391151798,
vmf_k10_seed29_trainC,vmf,vmf_k10,29,C,20000,True,1.0,B,20000,10,vmf_k10_seed29_trainC,1.0,136,0.13265,,67.71814635692863,29,1.0,C,10,,0,8216.512738893269,0.9940397537454181,
vmf_k20_seed11_trainC,vmf,vmf_k20,11,C,20000,True,1.0,A,20000,20,vmf_k20_seed11_trainC,1.0,119,0.09765,,78.3137602955685,30,1.0,C,20,,0,8259.109291882407,0.995670582626109,
vmf_k20_seed11_trainC,vmf,vmf_k20,11,C,20000,True,1.0,B,20000,20,vmf_k20_seed11_trainC,1.0,119,0.09845,,78.3137602955685,30,1.0,C,20,,0,8257.320767716497,0.995105736228539,
vmf_k20_seed29_trainC,vmf,vmf_k20,29,C,20000,True,1.0,A,20000,20,vmf_k20_seed29_trainC,1.0,156,0.0858,,77.6550779719255,31,1.0,C,20,,0,8259.34319713513,0.995130259718133,
vmf_k20_seed29_trainC,vmf,vmf_k20,29,C,20000,True,1.0,B,20000,20,vmf_k20_seed29_trainC,1.0,156,0.08525,,77.6550779719255,31,1.0,C,20,,0,8257.682465609527,0.9952884410576346,
density_nn15_q0.5_trainC,density,density_nn15_q0.5,,C,20000,deterministic,0.7037,A,20000,1,density_nn15_q0.5_trainC,0.5866666666666667,,0.7037,,9.422971677035093,32,0.49865,C,1,0.00075,,,,1.1193588688047038
density_nn15_q0.5_trainC,density,density_nn15_q0.5,,C,20000,deterministic,0.69475,B,20000,1,density_nn15_q0.5_trainC,0.5866666666666667,,0.69475,,9.422971677035093,32,0.49865,C,1,0.00075,,,,1.1193588688047038
density_nn15_q0.8_trainC,density,density_nn15_q0.8,,C,20000,deterministic,0.3656,A,20000,1,density_nn15_q0.8_trainC,0.29,,0.3656,,11.022398768924177,33,0.19425,C,1,0.00075,,,,1.0631346337423806
density_nn15_q0.8_trainC,density,density_nn15_q0.8,,C,20000,deterministic,0.35695,B,20000,1,density_nn15_q0.8_trainC,0.29,,0.35695,,11.022398768924177,33,0.19425,C,1,0.00075,,,,1.0631346337423806
density_nn30_q0.5_trainC,density,density_nn30_q0.5,,C,20000,deterministic,0.8281,A,20000,1,density_nn30_q0.5_trainC,0.6766666666666666,,0.8281,,0.8895671358332038,34,0.5,C,1,0.0015,,,,1.1464678848575054
density_nn30_q0.5_trainC,density,density_nn30_q0.5,,C,20000,deterministic,0.821,B,20000,1,density_nn30_q0.5_trainC,0.6766666666666666,,0.821,,0.8895671358332038,34,0.5,C,1,0.0015,,,,1.1464678848575054
density_nn30_q0.8_trainC,density,density_nn30_q0.8,,C,20000,deterministic,0.512,A,20000,1,density_nn30_q0.8_trainC,0.39666666666666667,,0.512,,0.6736188739887439,35,0.19925,C,1,0.0015,,,,1.098707753777581
density_nn30_q0.8_trainC,density,density_nn30_q0.8,,C,20000,deterministic,0.4977,B,20000,1,density_nn30_q0.8_trainC,0.39666666666666667,,0.4977,,0.6736188739887439,35,0.19925,C,1,0.0015,,,,1.098707753777581
spherical_kmeans_k10_seed11_trainAB,spherical_kmeans,spherical_kmeans_k10,11,A+B,40000,True,1.0,C,20000,10,spherical_kmeans_k10_seed11_trainAB,1.0,27,0.1568,0.6154147811050832,15.510200262069702,36,1.0,AB,10,,,,,
spherical_kmeans_k10_seed29_trainAB,spherical_kmeans,spherical_kmeans_k10,29,A+B,40000,True,1.0,C,20000,10,spherical_kmeans_k10_seed29_trainAB,1.0,20,0.1433,0.6156225173113109,8.94271173805464,37,1.0,AB,10,,,,,
spherical_kmeans_k20_seed11_trainAB,spherical_kmeans,spherical_kmeans_k20,11,A+B,40000,True,1.0,C,20000,20,spherical_kmeans_k20_seed11_trainAB,1.0,23,0.09415,0.5882967971454413,11.013597389683127,38,1.0,AB,20,,,,,
spherical_kmeans_k20_seed29_trainAB,spherical_kmeans,spherical_kmeans_k20,29,A+B,40000,True,1.0,C,20000,20,spherical_kmeans_k20_seed29_trainAB,1.0,17,0.1028,0.5879966327651839,13.434038137085736,39,1.0,AB,20,,,,,
vmf_k10_seed11_trainAB,vmf,vmf_k10,11,A+B,40000,True,1.0,C,20000,10,vmf_k10_seed11_trainAB,1.0,92,0.1452,,51.00428903999273,40,1.0,AB,10,,0,8218.489867020739,0.9945000947680209,
vmf_k10_seed29_trainAB,vmf,vmf_k10,29,A+B,40000,True,1.0,C,20000,10,vmf_k10_seed29_trainAB,1.0,201,0.14415,,98.80581393092871,41,1.0,AB,10,,0,8217.843753579864,0.9947882583775014,
vmf_k20_seed11_trainAB,vmf,vmf_k20,11,A+B,40000,True,1.0,C,20000,20,vmf_k20_seed11_trainAB,1.0,58,0.09945,,42.427764850028325,42,1.0,AB,20,,0,8258.726930121225,0.9957290200051433,
vmf_k20_seed29_trainAB,vmf,vmf_k20,29,A+B,40000,True,1.0,C,20000,20,vmf_k20_seed29_trainAB,1.0,223,0.10445,,142.46313546475722,43,1.0,AB,20,,0,8259.153965499185,0.9953723613870641,
density_nn15_q0.5_trainAB,density,density_nn15_q0.5,,A+B,40000,deterministic,0.6604,C,20000,1,density_nn15_q0.5_trainAB,0.54,,0.6604,,39.45018563140184,44,0.49995,AB,1,0.000375,,,,1.0936805466641648
density_nn15_q0.8_trainAB,density,density_nn15_q0.8,,A+B,40000,deterministic,0.3506,C,20000,4,density_nn15_q0.8_trainAB,0.25,,0.34245,,1.2693315320066176,45,0.198675,AB,4,0.000375,,,,1.0333471922756063
density_nn30_q0.5_trainAB,density,density_nn30_q0.5,,A+B,40000,deterministic,0.78165,C,20000,1,density_nn30_q0.5_trainAB,0.5833333333333334,,0.78165,,1.4498206758871675,46,0.5,AB,1,0.00075,,,,1.119667038712524
density_nn30_q0.8_trainAB,density,density_nn30_q0.8,,A+B,40000,deterministic,0.4621,C,20000,2,density_nn30_q0.8_trainAB,0.2866666666666667,,0.46075,,1.3106549931690097,47,0.199825,AB,2,0.00075,,,,1.0655972537612615
spherical_kmeans_k10_seed11_trainAC,spherical_kmeans,spherical_kmeans_k10,11,A+C,40000,True,1.0,B,20000,10,spherical_kmeans_k10_seed11_trainAC,1.0,44,0.13975,0.6162616374161278,17.379403613042086,48,1.0,AC,10,,,,,
spherical_kmeans_k10_seed29_trainAC,spherical_kmeans,spherical_kmeans_k10,29,A+C,40000,True,1.0,B,20000,10,spherical_kmeans_k10_seed29_trainAC,1.0,25,0.1613,0.6158915738887328,10.699694598035421,49,1.0,AC,10,,,,,
spherical_kmeans_k20_seed11_trainAC,spherical_kmeans,spherical_kmeans_k20,11,A+C,40000,True,1.0,B,20000,20,spherical_kmeans_k20_seed11_trainAC,1.0,20,0.0738,0.5888353011850527,11.056208658963442,50,1.0,AC,20,,,,,
spherical_kmeans_k20_seed29_trainAC,spherical_kmeans,spherical_kmeans_k20,29,A+C,40000,True,1.0,B,20000,20,spherical_kmeans_k20_seed29_trainAC,1.0,34,0.0804,0.5893339023411013,70.29250225331634,51,1.0,AC,20,,,,,
vmf_k10_seed11_trainAC,vmf,vmf_k10,11,A+C,40000,True,1.0,B,20000,10,vmf_k10_seed11_trainAC,1.0,92,0.14515,,61.279582265298814,52,1.0,AC,10,,0,8218.382927808294,0.9947189328265816,
vmf_k10_seed29_trainAC,vmf,vmf_k10,29,A+C,40000,True,1.0,B,20000,10,vmf_k10_seed29_trainAC,1.0,68,0.1405,,20.666415966115892,53,1.0,AC,10,,0,8217.691152861056,0.9949001956918568,
vmf_k20_seed11_trainAC,vmf,vmf_k20,11,A+C,40000,True,1.0,B,20000,20,vmf_k20_seed11_trainAC,1.0,63,0.08075,,22.7945343288593,54,1.0,AC,20,,0,8258.030195570678,0.9952041360017171,
vmf_k20_seed29_trainAC,vmf,vmf_k20,29,A+C,40000,True,1.0,B,20000,20,vmf_k20_seed29_trainAC,1.0,140,0.08745,,58.542949011549354,55,1.0,AC,20,,0,8257.987811045497,0.9955370095923641,
density_nn15_q0.5_trainAC,density,density_nn15_q0.5,,A+C,40000,deterministic,0.6646,B,20000,1,density_nn15_q0.5_trainAC,0.55,,0.6646,,28.284861772786826,56,0.49995,AC,1,0.000375,,,,1.0928337325341781
density_nn15_q0.8_trainAC,density,density_nn15_q0.8,,A+C,40000,deterministic,0.3337,B,20000,4,density_nn15_q0.8_trainAC,0.24333333333333335,,0.3235,,40.01586053241044,57,0.19785,AC,4,0.000375,,,,1.0316592974561747
density_nn30_q0.5_trainAC,density,density_nn30_q0.5,,A+C,40000,deterministic,0.7817,B,20000,1,density_nn30_q0.5_trainAC,0.5566666666666666,,0.7817,,41.62789600668475,58,0.5,AC,1,0.00075,,,,1.11899660150755
density_nn30_q0.8_trainAC,density,density_nn30_q0.8,,A+C,40000,deterministic,0.45245,B,20000,3,density_nn30_q0.8_trainAC,0.28,,0.4475,,0.950549194123596,59,0.19995,AC,3,0.00075,,,,1.0637805033881615
spherical_kmeans_k10_seed11_trainBC,spherical_kmeans,spherical_kmeans_k10,11,B+C,40000,True,1.0,A,20000,10,spherical_kmeans_k10_seed11_trainBC,1.0,20,0.13425,0.6164778428764696,17.432706504128873,60,1.0,BC,10,,,,,
spherical_kmeans_k10_seed29_trainBC,spherical_kmeans,spherical_kmeans_k10,29,B+C,40000,True,1.0,A,20000,10,spherical_kmeans_k10_seed29_trainBC,1.0,46,0.18735,0.6150414866542753,12.395634116604924,61,1.0,BC,10,,,,,
spherical_kmeans_k20_seed11_trainBC,spherical_kmeans,spherical_kmeans_k20,11,B+C,40000,True,1.0,A,20000,20,spherical_kmeans_k20_seed11_trainBC,1.0,27,0.07695,0.588724180273942,7.963831949047744,62,1.0,BC,20,,,,,
spherical_kmeans_k20_seed29_trainBC,spherical_kmeans,spherical_kmeans_k20,29,B+C,40000,True,1.0,A,20000,20,spherical_kmeans_k20_seed29_trainBC,1.0,28,0.08195,0.5882715960622117,15.883211084641516,63,1.0,BC,20,,,,,
vmf_k10_seed11_trainBC,vmf,vmf_k10,11,B+C,40000,True,1.0,A,20000,10,vmf_k10_seed11_trainBC,1.0,233,0.177,,112.32623470760882,64,1.0,BC,10,,0,8219.189245533202,0.9946376831894167,
vmf_k10_seed29_trainBC,vmf,vmf_k10,29,B+C,40000,True,1.0,A,20000,10,vmf_k10_seed29_trainBC,1.0,50,0.1761,,42.40798088628799,65,1.0,BC,10,,0,8217.853339537538,0.9950972872990227,
vmf_k20_seed11_trainBC,vmf,vmf_k20,11,B+C,40000,True,1.0,A,20000,20,vmf_k20_seed11_trainBC,1.0,274,0.08005,,124.28878077212721,66,1.0,BC,20,,0,8259.24700578573,0.9954834552471997,
vmf_k20_seed29_trainBC,vmf,vmf_k20,29,B+C,40000,True,1.0,A,20000,20,vmf_k20_seed29_trainBC,1.0,93,0.08185,,100.31126339174807,67,1.0,BC,20,,0,8257.279720540875,0.9954166859804976,
density_nn15_q0.5_trainBC,density,density_nn15_q0.5,,B+C,40000,deterministic,0.6751,A,20000,2,density_nn15_q0.5_trainBC,0.5033333333333333,,0.674,,25.87490803608671,68,0.499975,BC,2,0.000375,,,,1.0942117811223282
density_nn15_q0.8_trainBC,density,density_nn15_q0.8,,B+C,40000,deterministic,0.36435,A,20000,7,density_nn15_q0.8_trainBC,0.22333333333333333,,0.3461,,1.0437519229017198,69,0.1993,BC,7,0.000375,,,,1.0337450840396636
density_nn30_q0.5_trainBC,density,density_nn30_q0.5,,B+C,40000,deterministic,0.7871,A,20000,1,density_nn30_q0.5_trainBC,0.57,,0.7871,,1.0404946142807603,70,0.499975,BC,1,0.00075,,,,1.1201870463879482
density_nn30_q0.8_trainBC,density,density_nn30_q0.8,,B+C,40000,deterministic,0.47875,A,20000,4,density_nn30_q0.8_trainBC,0.27666666666666667,,0.47135,,44.23634473606944,71,0.199925,BC,4,0.00075,,,,1.0659682345593053
