comparison_kind,left_fit,right_fit,family,base,evaluation_fold,left_train_folds,right_train_folds,left_training_posts,right_training_posts,evaluation_posts,left_assigned_posts,right_assigned_posts,left_coverage,right_coverage,jointly_assigned_posts,joint_assignment_fraction,left_only_assigned_posts,right_only_assigned_posts,both_rejected_posts,left_regions,right_regions,left_regions_on_joint_posts,right_regions_on_joint_posts,adjusted_rand_joint_assigned,degenerate_flags,mean_best_jaccard_left_regions,mean_best_jaccard_right_regions
nested_training_size_consistency,spherical_kmeans_k10_seed11_trainA,spherical_kmeans_k10_seed11_trainAB,spherical_kmeans,spherical_kmeans_k10,C,A,A+B,20000,40000,20000,20000,20000,1.0,1.0,20000,1.0,0,0,0,10,10,10,10,0.7176396669273286,,0.7338997177316917,0.7492475270394464
nested_training_size_consistency,spherical_kmeans_k10_seed11_trainA,spherical_kmeans_k10_seed11_trainAC,spherical_kmeans,spherical_kmeans_k10,B,A,A+C,20000,40000,20000,20000,20000,1.0,1.0,20000,1.0,0,0,0,10,10,10,10,0.7286651418521208,,0.7402203313938995,0.7402203313938996
nested_training_size_consistency,spherical_kmeans_k10_seed29_trainA,spherical_kmeans_k10_seed29_trainAB,spherical_kmeans,spherical_kmeans_k10,C,A,A+B,20000,40000,20000,20000,20000,1.0,1.0,20000,1.0,0,0,0,10,10,10,10,0.6189667476285398,,0.6669909743539861,0.6829425351938289
nested_training_size_consistency,spherical_kmeans_k10_seed29_trainA,spherical_kmeans_k10_seed29_trainAC,spherical_kmeans,spherical_kmeans_k10,B,A,A+C,20000,40000,20000,20000,20000,1.0,1.0,20000,1.0,0,0,0,10,10,10,10,0.5234010519077485,,0.5222704607659014,0.5335761035105804
nested_training_size_consistency,spherical_kmeans_k20_seed11_trainA,spherical_kmeans_k20_seed11_trainAB,spherical_kmeans,spherical_kmeans_k20,C,A,A+B,20000,40000,20000,20000,20000,1.0,1.0,20000,1.0,0,0,0,20,20,20,20,0.6012155920565676,,0.599225639250156,0.588053630186987
nested_training_size_consistency,spherical_kmeans_k20_seed11_trainA,spherical_kmeans_k20_seed11_trainAC,spherical_kmeans,spherical_kmeans_k20,B,A,A+C,20000,40000,20000,20000,20000,1.0,1.0,20000,1.0,0,0,0,20,20,20,20,0.6907978702051907,,0.6718495293682648,0.6573386594993225
nested_training_size_consistency,spherical_kmeans_k20_seed29_trainA,spherical_kmeans_k20_seed29_trainAB,spherical_kmeans,spherical_kmeans_k20,C,A,A+B,20000,40000,20000,20000,20000,1.0,1.0,20000,1.0,0,0,0,20,20,20,20,0.5792149029851519,,0.5802506743026123,0.5864286519545725
nested_training_size_consistency,spherical_kmeans_k20_seed29_trainA,spherical_kmeans_k20_seed29_trainAC,spherical_kmeans,spherical_kmeans_k20,B,A,A+C,20000,40000,20000,20000,20000,1.0,1.0,20000,1.0,0,0,0,20,20,20,20,0.5411532949948809,,0.5678351079208366,0.5745400302166341
nested_training_size_consistency,vmf_k10_seed11_trainA,vmf_k10_seed11_trainAB,vmf,vmf_k10,C,A,A+B,20000,40000,20000,20000,20000,1.0,1.0,20000,1.0,0,0,0,10,10,10,10,0.8306703770961514,,0.8426272911285844,0.8426272911285844
nested_training_size_consistency,vmf_k10_seed11_trainA,vmf_k10_seed11_trainAC,vmf,vmf_k10,B,A,A+C,20000,40000,20000,20000,20000,1.0,1.0,20000,1.0,0,0,0,10,10,10,10,0.753442678668098,,0.7655997957144602,0.7431144297366531
nested_training_size_consistency,vmf_k10_seed29_trainA,vmf_k10_seed29_trainAB,vmf,vmf_k10,C,A,A+B,20000,40000,20000,20000,20000,1.0,1.0,20000,1.0,0,0,0,10,10,10,10,0.7023645919522916,,0.7404272503102068,0.7708376028729581
nested_training_size_consistency,vmf_k10_seed29_trainA,vmf_k10_seed29_trainAC,vmf,vmf_k10,B,A,A+C,20000,40000,20000,20000,20000,1.0,1.0,20000,1.0,0,0,0,10,10,10,10,0.49485340694682495,,0.5281229546926035,0.5508775966412643
nested_training_size_consistency,vmf_k20_seed11_trainA,vmf_k20_seed11_trainAB,vmf,vmf_k20,C,A,A+B,20000,40000,20000,20000,20000,1.0,1.0,20000,1.0,0,0,0,20,20,20,20,0.6250130069507713,,0.6155333650875898,0.618951923806859
nested_training_size_consistency,vmf_k20_seed11_trainA,vmf_k20_seed11_trainAC,vmf,vmf_k20,B,A,A+C,20000,40000,20000,20000,20000,1.0,1.0,20000,1.0,0,0,0,20,20,20,20,0.7068251808176638,,0.6857985431190284,0.6829471479889901
nested_training_size_consistency,vmf_k20_seed29_trainA,vmf_k20_seed29_trainAB,vmf,vmf_k20,C,A,A+B,20000,40000,20000,20000,20000,1.0,1.0,20000,1.0,0,0,0,20,20,20,20,0.5740684012872329,,0.625864879717884,0.6104767483543057
nested_training_size_consistency,vmf_k20_seed29_trainA,vmf_k20_seed29_trainAC,vmf,vmf_k20,B,A,A+C,20000,40000,20000,20000,20000,1.0,1.0,20000,1.0,0,0,0,20,20,20,20,0.5668623180772941,,0.6166138187043146,0.6178396207412631
nested_training_size_consistency,density_nn15_q0.5_trainA,density_nn15_q0.5_trainAB,density,density_nn15_q0.5,C,A,A+B,20000,40000,20000,13751,13208,0.68755,0.6604,11775,0.58875,1976,1433,4816,1,1,1,1,,left_single_region;right_single_region;joint_partition_degenerate,0.7754873551106428,0.7754873551106428
nested_training_size_consistency,density_nn15_q0.5_trainA,density_nn15_q0.5_trainAC,density,density_nn15_q0.5,B,A,A+C,20000,40000,20000,13836,13292,0.6918,0.6646,11855,0.59275,1981,1437,4727,1,1,1,1,,left_single_region;right_single_region;joint_partition_degenerate,0.7762063772670726,0.7762063772670726
nested_training_size_consistency,density_nn15_q0.8_trainA,density_nn15_q0.8_trainAB,density,density_nn15_q0.8,C,A,A+B,20000,40000,20000,7148,7012,0.3574,0.3506,5640,0.282,1508,1372,11480,3,4,3,3,0.4786330408992869,,0.43080347521912604,0.3240942023197743
nested_training_size_consistency,density_nn15_q0.8_trainA,density_nn15_q0.8_trainAC,density,density_nn15_q0.8,B,A,A+C,20000,40000,20000,7001,6674,0.35005,0.3337,5355,0.26775,1646,1319,11680,3,4,3,3,-0.015359378196647455,,0.21403167860919345,0.16164977918458795
nested_training_size_consistency,density_nn30_q0.5_trainA,density_nn30_q0.5_trainAB,density,density_nn30_q0.5,C,A,A+B,20000,40000,20000,16321,15633,0.81605,0.78165,14675,0.73375,1646,958,2721,1,1,1,1,,left_single_region;right_single_region;joint_partition_degenerate,0.849296834307541,0.849296834307541
nested_training_size_consistency,density_nn30_q0.5_trainA,density_nn30_q0.5_trainAC,density,density_nn30_q0.5,B,A,A+C,20000,40000,20000,16329,15634,0.81645,0.7817,14655,0.73275,1674,979,2692,1,1,1,1,,left_single_region;right_single_region;joint_partition_degenerate,0.8467182805639011,0.8467182805639011
nested_training_size_consistency,density_nn30_q0.8_trainA,density_nn30_q0.8_trainAB,density,density_nn30_q0.8,C,A,A+B,20000,40000,20000,9956,9242,0.4978,0.4621,8123,0.40615,1833,1119,8925,1,2,1,1,,left_single_region;joint_partition_degenerate,0.7352461984069515,0.36762309920347574
nested_training_size_consistency,density_nn30_q0.8_trainA,density_nn30_q0.8_trainAC,density,density_nn30_q0.8,B,A,A+C,20000,40000,20000,9926,9049,0.4963,0.45245,7940,0.397,1986,1109,8965,1,3,1,2,,left_single_region;joint_partition_degenerate,0.7156880567169606,0.24077797104206142
nested_training_size_consistency,spherical_kmeans_k10_seed11_trainB,spherical_kmeans_k10_seed11_trainAB,spherical_kmeans,spherical_kmeans_k10,C,B,A+B,20000,40000,20000,20000,20000,1.0,1.0,20000,1.0,0,0,0,10,10,10,10,0.6948064457381407,,0.6977202271921212,0.7004698336672345
nested_training_size_consistency,spherical_kmeans_k10_seed11_trainB,spherical_kmeans_k10_seed11_trainBC,spherical_kmeans,spherical_kmeans_k10,A,B,B+C,20000,40000,20000,20000,20000,1.0,1.0,20000,1.0,0,0,0,10,10,10,10,0.4947012557588426,,0.47683061754378153,0.46849696616919967
nested_training_size_consistency,spherical_kmeans_k10_seed29_trainB,spherical_kmeans_k10_seed29_trainAB,spherical_kmeans,spherical_kmeans_k10,C,B,A+B,20000,40000,20000,20000,20000,1.0,1.0,20000,1.0,0,0,0,10,10,10,10,0.5502125199022714,,0.6146959739554325,0.6011419851319608
nested_training_size_consistency,spherical_kmeans_k10_seed29_trainB,spherical_kmeans_k10_seed29_trainBC,spherical_kmeans,spherical_kmeans_k10,A,B,B+C,20000,40000,20000,20000,20000,1.0,1.0,20000,1.0,0,0,0,10,10,10,10,0.6803127596838483,,0.6960344347511824,0.7067004994604826
nested_training_size_consistency,spherical_kmeans_k20_seed11_trainB,spherical_kmeans_k20_seed11_trainAB,spherical_kmeans,spherical_kmeans_k20,C,B,A+B,20000,40000,20000,20000,20000,1.0,1.0,20000,1.0,0,0,0,20,20,20,20,0.5187784119866723,,0.5282894149707711,0.5315861065299812
nested_training_size_consistency,spherical_kmeans_k20_seed11_trainB,spherical_kmeans_k20_seed11_trainBC,spherical_kmeans,spherical_kmeans_k20,A,B,B+C,20000,40000,20000,20000,20000,1.0,1.0,20000,1.0,0,0,0,20,20,20,20,0.6155827855396856,,0.62510826975028,0.6291925990420681
nested_training_size_consistency,spherical_kmeans_k20_seed29_trainB,spherical_kmeans_k20_seed29_trainAB,spherical_kmeans,spherical_kmeans_k20,C,B,A+B,20000,40000,20000,20000,20000,1.0,1.0,20000,1.0,0,0,0,20,20,20,20,0.5194080284971239,,0.5587756357603261,0.5417239219201037
nested_training_size_consistency,spherical_kmeans_k20_seed29_trainB,spherical_kmeans_k20_seed29_trainBC,spherical_kmeans,spherical_kmeans_k20,A,B,B+C,20000,40000,20000,20000,20000,1.0,1.0,20000,1.0,0,0,0,20,20,20,20,0.49604185927460426,,0.5144824889009912,0.5035588092113902
nested_training_size_consistency,vmf_k10_seed11_trainB,vmf_k10_seed11_trainAB,vmf,vmf_k10,C,B,A+B,20000,40000,20000,20000,20000,1.0,1.0,20000,1.0,0,0,0,10,10,10,10,0.6786440469052348,,0.6651617630658385,0.6693439405069733
nested_training_size_consistency,vmf_k10_seed11_trainB,vmf_k10_seed11_trainBC,vmf,vmf_k10,A,B,B+C,20000,40000,20000,20000,20000,1.0,1.0,20000,1.0,0,0,0,10,10,10,10,0.6166600488175836,,0.6355765242881177,0.6051515745847222
nested_training_size_consistency,vmf_k10_seed29_trainB,vmf_k10_seed29_trainAB,vmf,vmf_k10,C,B,A+B,20000,40000,20000,20000,20000,1.0,1.0,20000,1.0,0,0,0,10,10,10,10,0.6976749327867262,,0.7341713406607202,0.7310144778141894
nested_training_size_consistency,vmf_k10_seed29_trainB,vmf_k10_seed29_trainBC,vmf,vmf_k10,A,B,B+C,20000,40000,20000,20000,20000,1.0,1.0,20000,1.0,0,0,0,10,10,10,10,0.5945466492428844,,0.6341176337975547,0.6395434217053889
nested_training_size_consistency,vmf_k20_seed11_trainB,vmf_k20_seed11_trainAB,vmf,vmf_k20,C,B,A+B,20000,40000,20000,20000,20000,1.0,1.0,20000,1.0,0,0,0,20,20,20,20,0.5412153474742327,,0.5829097806028916,0.5813306552848723
nested_training_size_consistency,vmf_k20_seed11_trainB,vmf_k20_seed11_trainBC,vmf,vmf_k20,A,B,B+C,20000,40000,20000,20000,20000,1.0,1.0,20000,1.0,0,0,0,20,20,20,20,0.6336544079156234,,0.6588410469398813,0.6579806576369847
nested_training_size_consistency,vmf_k20_seed29_trainB,vmf_k20_seed29_trainAB,vmf,vmf_k20,C,B,A+B,20000,40000,20000,20000,20000,1.0,1.0,20000,1.0,0,0,0,20,20,20,20,0.5113043527600001,,0.55890777064622,0.5380989795339947
nested_training_size_consistency,vmf_k20_seed29_trainB,vmf_k20_seed29_trainBC,vmf,vmf_k20,A,B,B+C,20000,40000,20000,20000,20000,1.0,1.0,20000,1.0,0,0,0,20,20,20,20,0.5694444149552486,,0.5695273139876672,0.5565809574721989
nested_training_size_consistency,density_nn15_q0.5_trainB,density_nn15_q0.5_trainAB,density,density_nn15_q0.5,C,B,A+B,20000,40000,20000,14127,13208,0.70635,0.6604,11948,0.5974,2179,1260,4613,1,1,1,1,,left_single_region;right_single_region;joint_partition_degenerate,0.7764996425554039,0.7764996425554039
nested_training_size_consistency,density_nn15_q0.5_trainB,density_nn15_q0.5_trainBC,density,density_nn15_q0.5,A,B,B+C,20000,40000,20000,14186,13502,0.7093,0.6751,12131,0.60655,2055,1371,4443,1,2,1,2,,left_single_region;joint_partition_degenerate,0.7807672502574665,0.39041881904722414
nested_training_size_consistency,density_nn15_q0.8_trainB,density_nn15_q0.8_trainAB,density,density_nn15_q0.8,C,B,A+B,20000,40000,20000,7604,7012,0.3802,0.3506,5838,0.2919,1766,1174,11222,2,4,2,3,-0.011988922109626593,,0.3300150989029349,0.1665859562307986
nested_training_size_consistency,density_nn15_q0.8_trainB,density_nn15_q0.8_trainBC,density,density_nn15_q0.8,A,B,B+C,20000,40000,20000,7772,7287,0.3886,0.36435,5969,0.29845,1803,1318,10910,2,7,2,4,0.34215854773204624,,0.7097128910702553,0.2062661635698531
nested_training_size_consistency,density_nn30_q0.5_trainB,density_nn30_q0.5_trainAB,density,density_nn30_q0.5,C,B,A+B,20000,40000,20000,16616,15633,0.8308,0.78165,14832,0.7416,1784,801,2583,1,1,1,1,,left_single_region;right_single_region;joint_partition_degenerate,0.8515817879083654,0.8515817879083654
nested_training_size_consistency,density_nn30_q0.5_trainB,density_nn30_q0.5_trainBC,density,density_nn30_q0.5,A,B,B+C,20000,40000,20000,16612,15742,0.8306,0.7871,14929,0.74645,1683,813,2575,1,1,1,1,,left_single_region;right_single_region;joint_partition_degenerate,0.8567575322812052,0.8567575322812052
nested_training_size_consistency,density_nn30_q0.8_trainB,density_nn30_q0.8_trainAB,density,density_nn30_q0.8,C,B,A+B,20000,40000,20000,10213,9242,0.51065,0.4621,8150,0.4075,2063,1092,8695,1,2,1,1,,left_single_region;joint_partition_degenerate,0.7226458591948927,0.36132292959744633
nested_training_size_consistency,density_nn30_q0.8_trainB,density_nn30_q0.8_trainBC,density,density_nn30_q0.8,A,B,B+C,20000,40000,20000,10413,9575,0.52065,0.47875,8416,0.4208,1997,1159,8428,1,4,1,3,,left_single_region;joint_partition_degenerate,0.7249174056685794,0.1831011575039386
nested_training_size_consistency,spherical_kmeans_k10_seed11_trainC,spherical_kmeans_k10_seed11_trainAC,spherical_kmeans,spherical_kmeans_k10,B,C,A+C,20000,40000,20000,20000,20000,1.0,1.0,20000,1.0,0,0,0,10,10,10,10,0.4753327691726871,,0.5127244414187924,0.48382057222529273
nested_training_size_consistency,spherical_kmeans_k10_seed11_trainC,spherical_kmeans_k10_seed11_trainBC,spherical_kmeans,spherical_kmeans_k10,A,C,B+C,20000,40000,20000,20000,20000,1.0,1.0,20000,1.0,0,0,0,10,10,10,10,0.42218437635334455,,0.4445568129341881,0.4358578652862663
nested_training_size_consistency,spherical_kmeans_k10_seed29_trainC,spherical_kmeans_k10_seed29_trainAC,spherical_kmeans,spherical_kmeans_k10,B,C,A+C,20000,40000,20000,20000,20000,1.0,1.0,20000,1.0,0,0,0,10,10,10,10,0.5757799452479362,,0.6234961404554291,0.6205317893760111
nested_training_size_consistency,spherical_kmeans_k10_seed29_trainC,spherical_kmeans_k10_seed29_trainBC,spherical_kmeans,spherical_kmeans_k10,A,C,B+C,20000,40000,20000,20000,20000,1.0,1.0,20000,1.0,0,0,0,10,10,10,10,0.3979494741769217,,0.4014023689216697,0.4328368407413971
nested_training_size_consistency,spherical_kmeans_k20_seed11_trainC,spherical_kmeans_k20_seed11_trainAC,spherical_kmeans,spherical_kmeans_k20,B,C,A+C,20000,40000,20000,20000,20000,1.0,1.0,20000,1.0,0,0,0,20,20,20,20,0.5975680094762883,,0.5985384752549687,0.5951436449704919
nested_training_size_consistency,spherical_kmeans_k20_seed11_trainC,spherical_kmeans_k20_seed11_trainBC,spherical_kmeans,spherical_kmeans_k20,A,C,B+C,20000,40000,20000,20000,20000,1.0,1.0,20000,1.0,0,0,0,20,20,20,20,0.575706797298591,,0.5664126144977348,0.5614896993666443
nested_training_size_consistency,spherical_kmeans_k20_seed29_trainC,spherical_kmeans_k20_seed29_trainAC,spherical_kmeans,spherical_kmeans_k20,B,C,A+C,20000,40000,20000,20000,20000,1.0,1.0,20000,1.0,0,0,0,20,20,20,20,0.5930489157725235,,0.6055107766133501,0.5834298030144836
nested_training_size_consistency,spherical_kmeans_k20_seed29_trainC,spherical_kmeans_k20_seed29_trainBC,spherical_kmeans,spherical_kmeans_k20,A,C,B+C,20000,40000,20000,20000,20000,1.0,1.0,20000,1.0,0,0,0,20,20,20,20,0.605426688570842,,0.5931198414439196,0.5735689003714626
nested_training_size_consistency,vmf_k10_seed11_trainC,vmf_k10_seed11_trainAC,vmf,vmf_k10,B,C,A+C,20000,40000,20000,20000,20000,1.0,1.0,20000,1.0,0,0,0,10,10,10,10,0.613742651455322,,0.5996766551902091,0.5822834514672361
nested_training_size_consistency,vmf_k10_seed11_trainC,vmf_k10_seed11_trainBC,vmf,vmf_k10,A,C,B+C,20000,40000,20000,20000,20000,1.0,1.0,20000,1.0,0,0,0,10,10,10,10,0.4978452334585674,,0.5075323219401042,0.49755367108280196
nested_training_size_consistency,vmf_k10_seed29_trainC,vmf_k10_seed29_trainAC,vmf,vmf_k10,B,C,A+C,20000,40000,20000,20000,20000,1.0,1.0,20000,1.0,0,0,0,10,10,10,10,0.6755929370861282,,0.7144028580257533,0.7091800370623101
nested_training_size_consistency,vmf_k10_seed29_trainC,vmf_k10_seed29_trainBC,vmf,vmf_k10,A,C,B+C,20000,40000,20000,20000,20000,1.0,1.0,20000,1.0,0,0,0,10,10,10,10,0.3753102675129537,,0.4024062883672377,0.418186765003332
nested_training_size_consistency,vmf_k20_seed11_trainC,vmf_k20_seed11_trainAC,vmf,vmf_k20,B,C,A+C,20000,40000,20000,20000,20000,1.0,1.0,20000,1.0,0,0,0,20,20,20,20,0.5811671402089408,,0.603932726148708,0.6058473153744511
nested_training_size_consistency,vmf_k20_seed11_trainC,vmf_k20_seed11_trainBC,vmf,vmf_k20,A,C,B+C,20000,40000,20000,20000,20000,1.0,1.0,20000,1.0,0,0,0,20,20,20,20,0.5685983319088239,,0.5822463374009741,0.590053702572778
nested_training_size_consistency,vmf_k20_seed29_trainC,vmf_k20_seed29_trainAC,vmf,vmf_k20,B,C,A+C,20000,40000,20000,20000,20000,1.0,1.0,20000,1.0,0,0,0,20,20,20,20,0.5884785381849297,,0.6184850326138941,0.6022600127246178
nested_training_size_consistency,vmf_k20_seed29_trainC,vmf_k20_seed29_trainBC,vmf,vmf_k20,A,C,B+C,20000,40000,20000,20000,20000,1.0,1.0,20000,1.0,0,0,0,20,20,20,20,0.6776226218903973,,0.6404135654837997,0.6264208866701153
nested_training_size_consistency,density_nn15_q0.5_trainC,density_nn15_q0.5_trainAC,density,density_nn15_q0.5,B,C,A+C,20000,40000,20000,13895,13292,0.69475,0.6646,11835,0.59175,2060,1457,4648,1,1,1,1,,left_single_region;right_single_region;joint_partition_degenerate,0.7709093277748827,0.7709093277748827
nested_training_size_consistency,density_nn15_q0.5_trainC,density_nn15_q0.5_trainBC,density,density_nn15_q0.5,A,C,B+C,20000,40000,20000,14074,13502,0.7037,0.6751,12148,0.6074,1926,1354,4572,1,2,1,2,,left_single_region;joint_partition_degenerate,0.7884078665541637,0.39423940684927056
nested_training_size_consistency,density_nn15_q0.8_trainC,density_nn15_q0.8_trainAC,density,density_nn15_q0.8,B,C,A+C,20000,40000,20000,7139,6674,0.35695,0.3337,5481,0.27405,1658,1193,11668,1,4,1,3,,left_single_region;joint_partition_degenerate,0.6445921450151058,0.16628298228278862
nested_training_size_consistency,density_nn15_q0.8_trainC,density_nn15_q0.8_trainBC,density,density_nn15_q0.8,A,C,B+C,20000,40000,20000,7312,7287,0.3656,0.36435,5788,0.2894,1524,1499,11189,1,7,1,3,,left_single_region;joint_partition_degenerate,0.658974358974359,0.09674760539146281
nested_training_size_consistency,density_nn30_q0.5_trainC,density_nn30_q0.5_trainAC,density,density_nn30_q0.5,B,C,A+C,20000,40000,20000,16420,15634,0.821,0.7817,14698,0.7349,1722,936,2644,1,1,1,1,,left_single_region;right_single_region;joint_partition_degenerate,0.8468541138511178,0.8468541138511178
nested_training_size_consistency,density_nn30_q0.5_trainC,density_nn30_q0.5_trainBC,density,density_nn30_q0.5,A,C,B+C,20000,40000,20000,16562,15742,0.8281,0.7871,14884,0.7442,1678,858,2580,1,1,1,1,,left_single_region;right_single_region;joint_partition_degenerate,0.8544202066590126,0.8544202066590126
nested_training_size_consistency,density_nn30_q0.8_trainC,density_nn30_q0.8_trainAC,density,density_nn30_q0.8,B,C,A+C,20000,40000,20000,9954,9049,0.4977,0.45245,7971,0.39855,1983,1078,8968,1,3,1,1,,left_single_region;joint_partition_degenerate,0.7290771060093295,0.24302570200310983
nested_training_size_consistency,density_nn30_q0.8_trainC,density_nn30_q0.8_trainBC,density,density_nn30_q0.8,A,C,B+C,20000,40000,20000,10240,9575,0.512,0.47875,8422,0.4211,1818,1153,8607,1,4,1,3,,left_single_region;joint_partition_degenerate,0.7415212963782875,0.18655141494850103
