task_id,fit_id,original_iterations,added_em_iterations,converged,iterations,final_mean_log_likelihood_improvement,tolerance
4,vmf_k10_seed11_trainA,100,89,True,189,8.372181653976441e-06,1e-05
5,vmf_k10_seed29_trainA,86,0,True,86,8.165828883647919e-06,1e-05
6,vmf_k20_seed11_trainA,100,107,True,207,7.414881885051728e-06,1e-05
7,vmf_k20_seed29_trainA,100,43,True,143,8.468359708786011e-06,1e-05
16,vmf_k10_seed11_trainB,100,30,True,130,8.998484909534455e-06,1e-05
17,vmf_k10_seed29_trainB,100,45,True,145,7.908737659454346e-06,1e-05
18,vmf_k20_seed11_trainB,81,0,True,81,8.943629264831544e-06,1e-05
19,vmf_k20_seed29_trainB,100,153,True,253,6.72634094953537e-06,1e-05
28,vmf_k10_seed11_trainC,100,65,True,165,8.745869994163513e-06,1e-05
29,vmf_k10_seed29_trainC,100,36,True,136,9.281213581562043e-06,1e-05
30,vmf_k20_seed11_trainC,100,19,True,119,7.887518405914307e-06,1e-05
31,vmf_k20_seed29_trainC,100,56,True,156,3.977411985397339e-06,1e-05
40,vmf_k10_seed11_trainAB,92,0,True,92,7.993580400943757e-06,1e-05
41,vmf_k10_seed29_trainAB,100,101,True,201,8.180968463420868e-06,1e-05
42,vmf_k20_seed11_trainAB,58,0,True,58,9.723640978336334e-06,1e-05
43,vmf_k20_seed29_trainAB,100,123,True,223,9.329544007778168e-06,1e-05
52,vmf_k10_seed11_trainAC,92,0,True,92,9.052759408950806e-06,1e-05
53,vmf_k10_seed29_trainAC,68,0,True,68,9.765934944152832e-06,1e-05
54,vmf_k20_seed11_trainAC,63,0,True,63,9.908220171928406e-06,1e-05
55,vmf_k20_seed29_trainAC,100,40,True,140,8.568014204502105e-06,1e-05
64,vmf_k10_seed11_trainBC,100,133,True,233,9.237439930438995e-06,1e-05
65,vmf_k10_seed29_trainBC,50,0,True,50,8.667981624603271e-06,1e-05
66,vmf_k20_seed11_trainBC,100,174,True,274,5.53106814622879e-06,1e-05
67,vmf_k20_seed29_trainBC,93,0,True,93,8.913728594779968e-06,1e-05
