subreddit,direct_gen,usefulness,quality_comp,physical_req,personal_req,raw_gse,gse,n_coded,n_used,n_ai_related_excluded,n_hard_cases,hard_case_policy,score_reliability,low_n_flag,avg_direct_gen_0_to_3,avg_usefulness_0_to_3,avg_quality_comp_0_to_3,avg_physical_req_0_to_3,avg_personal_req_0_to_3
3Dmodeling,2.3905579399141628,1.932761087267525,1.9842632331902719,1.0515021459227467,2.0414878397711016,15.214592274678111,0.5107296137339056,233,233,0,0,downweight,high,0,1.0429184549356223,0.6995708154506438,0.7381974248927039,0.03862660944206009,0.7811158798283262
applyingtocollege,3.85,3.861111111111111,2.8388888888888886,1.038888888888889,3.577777777777778,17.933333333333334,0.6466666666666667,240,240,0,0,downweight,high,0,2.1375,2.1458333333333335,1.3791666666666667,0.029166666666666667,1.9333333333333333
art,1.2780410742496051,1.2148499210110584,1.227488151658768,2.636650868878357,1.7077409162717219,11.37598736176935,0.31879936808846754,211,211,0,0,downweight,high,0,0.20853080568720378,0.16113744075829384,0.17061611374407584,1.2274881516587677,0.5308056872037915
askacademia,4.327913279132792,4.382113821138212,3.178861788617886,1.119241192411924,3.932249322493225,18.837398373983742,0.6918699186991871,251,246,5,0,downweight,high,0,2.4959349593495936,2.5365853658536586,1.6341463414634145,0.08943089430894309,2.1991869918699187
askphotography,4.276532137518684,4.50373692077728,3.218236173393124,3.188340807174888,3.2002989536621826,17.609865470852014,0.6304932735426008,223,223,0,0,downweight,high,0,2.4573991031390134,2.6278026905829597,1.663677130044843,1.641255605381166,1.6502242152466369
baking,2.172043010752688,1.9946236559139785,1.693548387096774,4.908602150537634,2.376344086021505,10.5752688172043,0.278763440860215,248,248,0,0,downweight,high,0,0.8790322580645161,0.7459677419354839,0.5201612903225806,2.931451612903226,1.032258064516129
books,2.2288786482334872,2.1551459293394775,1.6574500768049156,1.1597542242703534,1.9216589861751152,14.960061443932412,0.4980030721966206,219,217,2,0,downweight,high,0,0.9216589861751152,0.8663594470046083,0.4930875576036866,0.11981566820276497,0.6912442396313364
breadit,2.100271002710027,1.948509485094851,1.6991869918699187,4.940379403794038,2.355013550135501,10.452574525745257,0.27262872628726287,246,246,0,0,downweight,high,0,0.8252032520325203,0.7113821138211383,0.524390243902439,2.9552845528455283,1.016260162601626
carpentry,2.5342465753424657,2.558599695585997,1.8949771689497719,4.768645357686454,2.3881278538812785,11.831050228310502,0.3415525114155251,219,219,0,0,downweight,high,0,1.1506849315068493,1.1689497716894977,0.6712328767123288,2.82648401826484,1.0410958904109588
ceramics,1.8782051282051282,1.8974358974358974,1.532051282051282,4.871794871794872,2.102564102564102,10.333333333333332,0.2666666666666666,208,208,0,0,downweight,high,0,0.6586538461538461,0.6730769230769231,0.39903846153846156,2.9038461538461537,0.8269230769230769
chanceme,4.168758716875871,4.174337517433752,2.868898186889819,1.0,4.553695955369596,17.658298465829844,0.6329149232914922,240,239,1,0,downweight,high,0,2.3765690376569037,2.3807531380753137,1.401673640167364,0.0,2.6652719665271967
chess,3.21011673151751,3.2360570687418937,2.7639429312581063,1.0881971465629052,1.9701686121919586,18.151750972762645,0.6575875486381323,257,257,0,0,downweight,high,0,1.6575875486381324,1.6770428015564203,1.3229571984435797,0.06614785992217899,0.7276264591439688
college,3.6458333333333335,3.8177083333333335,2.677083333333333,1.4479166666666667,4.026041666666666,16.666666666666664,0.5833333333333333,256,256,0,0,downweight,high,0,1.984375,2.11328125,1.2578125,0.3359375,2.26953125
comics,2.1599402092675635,1.3408071748878925,1.8310911808669657,1.0,1.7593423019431986,14.572496263079223,0.47862481315396116,223,223,0,0,downweight,high,0,0.8699551569506726,0.2556053811659193,0.6233183856502242,0.0,0.5695067264573991
conceptart,2.3278008298755184,2.211618257261411,1.9073305670816043,1.0608575380359613,1.9460580912863072,15.439834024896266,0.5219917012448133,241,241,0,0,downweight,high,0,0.995850622406639,0.9087136929460581,0.6804979253112033,0.04564315352697095,0.7095435684647303
cooking,4.306901615271659,4.412628487518356,3.279001468428781,4.483113069016152,2.6563876651982383,16.859030837004404,0.5929515418502203,227,227,0,0,downweight,high,0,2.4801762114537445,2.5594713656387666,1.7092511013215859,2.6123348017621146,1.2422907488986785
cscareerquestions,4.016129032258064,4.059139784946236,2.973118279569892,1.0591397849462365,3.7956989247311825,18.193548387096772,0.6596774193548386,251,248,3,0,downweight,high,0,2.2620967741935485,2.2943548387096775,1.4798387096774193,0.04435483870967742,2.096774193548387
devops,3.7717842323651456,3.733056708160442,3.19640387275242,1.0276625172890732,2.488243430152144,19.18533886583679,0.7092669432918395,245,241,4,0,downweight,high,0,2.078838174273859,2.0497925311203318,1.6473029045643153,0.02074688796680498,1.116182572614108
digitalart,1.6858974358974357,1.564102564102564,1.4487179487179487,1.044871794871795,1.923076923076923,13.73076923076923,0.4365384615384615,209,208,1,0,downweight,high,0,0.5144230769230769,0.4230769230769231,0.33653846153846156,0.03365384615384615,0.6923076923076923
fanfiction,3.3947712418300653,3.426143790849673,2.401307189542484,1.0156862745098039,3.4941176470588236,16.712418300653596,0.5856209150326798,257,255,2,0,downweight,high,0,1.796078431372549,1.8196078431372549,1.0509803921568628,0.011764705882352941,1.8705882352941177
fantasywriters,4.08994708994709,4.100529100529101,2.904761904761905,1.0,3.3862433862433865,18.70899470899471,0.6854497354497354,253,252,1,0,downweight,high,0,2.3174603174603177,2.3253968253968256,1.4285714285714286,0.0,1.7896825396825398
fermentation,3.156862745098039,3.1960784313725488,2.417366946778712,4.624649859943977,2.288515406162465,13.857142857142858,0.4428571428571429,238,238,0,0,downweight,high,0,1.6176470588235294,1.6470588235294117,1.0630252100840336,2.7184873949579833,0.9663865546218487
fiction,3.4266666666666667,2.104,2.4506666666666668,1.032,1.9866666666666668,16.962666666666667,0.5981333333333334,250,250,0,0,downweight,high,0,1.82,0.828,1.088,0.024,0.74
gamedev,3.4142661179698215,3.4087791495198903,2.657064471879287,1.0548696844993142,2.6021947873799727,17.82304526748971,0.6411522633744855,243,243,0,0,downweight,high,0,1.8106995884773662,1.8065843621399178,1.242798353909465,0.0411522633744856,1.2016460905349795
gardening,2.759784075573549,2.721997300944669,2.0364372469635628,4.789473684210526,2.5060728744939267,12.222672064777328,0.3611336032388664,247,247,0,0,downweight,high,0,1.319838056680162,1.291497975708502,0.7773279352226721,2.8421052631578947,1.1295546558704452
gradschool,3.9226666666666667,3.9760000000000004,2.8506666666666662,1.176,4.1626666666666665,17.410666666666664,0.6205333333333332,252,250,2,0,downweight,high,0,2.192,2.232,1.388,0.132,2.372
graphic_design,3.517333333333333,3.464,2.6159999999999997,1.112,2.8346666666666662,17.650666666666666,0.6325333333333333,256,250,6,0,downweight,high,0,1.888,1.848,1.212,0.084,1.376
gre,3.6331938633193865,3.6276150627615062,2.852161785216179,1.0,2.489539748953975,18.623430962343097,0.6811715481171549,241,239,2,0,downweight,high,0,1.9748953974895398,1.9707112970711298,1.389121338912134,0.0,1.1171548117154813
homebrewing,3.943164362519201,3.9615975422427034,2.9109062980030718,4.6927803379416275,2.732718894009216,15.390168970814134,0.5195084485407067,218,217,1,0,downweight,high,0,2.207373271889401,2.2211981566820276,1.433179723502304,2.769585253456221,1.2995391705069124
illustration,1.9317269076305221,1.5836680053547525,1.572958500669344,1.4605087014725568,1.9692101740294512,13.65863453815261,0.4329317269076305,249,249,0,0,downweight,high,0,0.6987951807228916,0.43775100401606426,0.42971887550200805,0.3453815261044177,0.7269076305220884
knitting,2.705179282868526,2.7423638778220454,2.099601593625498,4.803452855245684,2.8911022576361223,11.852589641434262,0.3426294820717131,251,251,0,0,downweight,high,0,1.2788844621513944,1.3067729083665338,0.8247011952191236,2.852589641434263,1.4183266932270917
lawschool,3.585152838427948,3.643377001455604,2.717612809315866,1.1339155749636098,3.509461426491994,17.30276564774381,0.6151382823871906,229,229,0,0,downweight,high,0,1.9388646288209608,1.982532751091703,1.2882096069868996,0.10043668122270742,1.8820960698689957
learnart,3.109772423025435,3.104417670682731,2.2315930388219547,1.819277108433735,2.85809906291834,15.768406961178046,0.5384203480589023,249,249,0,0,downweight,high,0,1.5823293172690762,1.5783132530120483,0.9236947791164659,0.6144578313253012,1.393574297188755
learnmath,4.789473684210526,4.794871794871796,4.465587044534413,1.0,2.4412955465587043,22.608636977058026,0.8804318488529013,247,247,0,0,downweight,high,0,2.8421052631578947,2.8461538461538463,2.5991902834008096,0.0,1.0809716599190284
learnprogramming,4.593650793650793,4.612698412698412,3.907936507936508,1.0507936507936508,3.0317460317460316,21.03174603174603,0.8015873015873016,211,210,1,0,downweight,high,0,2.6952380952380954,2.7095238095238097,2.1809523809523808,0.0380952380952381,1.5238095238095237
learntodraw,2.627777777777778,2.6333333333333337,2.022222222222222,1.8888888888888888,2.783333333333333,14.611111111111112,0.4805555555555556,241,240,1,0,downweight,high,0,1.2208333333333334,1.225,0.7666666666666667,0.6666666666666666,1.3375
leathercraft,1.8717948717948718,1.8782051282051282,1.5256410256410255,4.923076923076923,2.1346153846153846,10.217948717948717,0.26089743589743586,208,208,0,0,downweight,high,0,0.6538461538461539,0.6586538461538461,0.3942307692307692,2.9423076923076925,0.8509615384615384
lsat,3.3722222222222222,3.411111111111111,2.5999999999999996,1.0944444444444446,3.3111111111111113,16.977777777777778,0.5988888888888889,240,240,0,0,downweight,high,0,1.7791666666666666,1.8083333333333333,1.2,0.07083333333333333,1.7333333333333334
machinelearning,3.7224546722454672,3.6276150627615062,2.9302649930264995,1.1729428172942817,1.9762900976290099,19.131101813110185,0.7065550906555093,305,239,66,0,downweight,high,0,2.0418410041841004,1.9707112970711298,1.4476987447698744,0.1297071129707113,0.7322175732217573
mcat,4.067193675889328,4.1146245059288535,3.1080368906455864,1.0579710144927537,3.1923583662714097,19.039525691699605,0.7019762845849803,255,253,2,0,downweight,high,0,2.300395256916996,2.33596837944664,1.5810276679841897,0.043478260869565216,1.6442687747035574
medicalschool,3.4499999999999997,3.422222222222222,2.533333333333333,1.2944444444444445,3.2111111111111112,16.9,0.595,241,240,1,0,downweight,high,0,1.8375,1.8166666666666667,1.15,0.22083333333333333,1.6583333333333334
personalstatement,4.739837398373984,3.5121951219512195,3.5447154471544713,1.0,2.772357723577236,20.024390243902438,0.751219512195122,164,164,0,0,downweight,high,0,2.8048780487804876,1.8841463414634145,1.9085365853658536,0.0,1.329268292682927
phd,3.739191073919107,3.778242677824268,2.8075313807531384,1.1227336122733613,3.9567642956764293,17.245467224546722,0.6122733612273361,241,239,2,0,downweight,high,0,2.0543933054393304,2.083682008368201,1.3556485355648535,0.09205020920502092,2.217573221757322
photography,3.0469483568075115,3.0406885758998436,2.2018779342723005,2.7402190923317686,2.295774647887324,15.253521126760562,0.5126760563380282,216,213,3,0,downweight,high,0,1.5352112676056338,1.5305164319248827,0.9014084507042254,1.3051643192488263,0.971830985915493
plants,3.0165289256198347,3.049586776859504,2.228650137741047,4.911845730027549,2.570247933884297,12.812672176308538,0.3906336088154269,242,242,0,0,downweight,high,0,1.512396694214876,1.537190082644628,0.9214876033057852,2.9338842975206614,1.177685950413223
poetry,2.0480109739368997,2.0205761316872426,1.8175582990397805,1.010973936899863,1.384087791495199,15.491083676268861,0.5245541838134431,245,243,2,0,downweight,high,0,0.7860082304526749,0.7654320987654321,0.6131687242798354,0.00823045267489712,0.2880658436213992
pottery,2.277310924369748,2.0476190476190474,1.7899159663865545,4.971988795518207,2.5126050420168067,10.630252100840336,0.2815126050420168,238,238,0,0,downweight,high,0,0.957983193277311,0.7857142857142857,0.592436974789916,2.9789915966386555,1.134453781512605
premed,3.6371681415929205,3.6548672566371683,2.616519174041298,1.135693215339233,3.725663716814159,17.047197640117997,0.6023598820058998,226,226,0,0,downweight,high,0,1.9778761061946903,1.991150442477876,1.2123893805309736,0.10176991150442478,2.0442477876106193
programminghumor,3.4885290148448043,1.9338731443994601,2.2739541160593792,1.0161943319838056,1.2267206477732793,17.45344129554656,0.6226720647773281,251,247,4,0,downweight,high,0,1.8663967611336032,0.7004048582995951,0.9554655870445344,0.012145748987854251,0.1700404858299595
quilting,2.5057471264367814,2.2988505747126435,1.9425287356321839,4.9080459770114935,2.931034482758621,10.908045977011493,0.2954022988505747,232,232,0,0,downweight,high,0,1.1293103448275863,0.9741379310344828,0.7068965517241379,2.9310344827586206,1.4482758620689655
resume,4.466666666666667,4.402666666666667,3.2933333333333334,1.0053333333333334,3.9546666666666668,19.202666666666666,0.7101333333333333,250,250,0,0,downweight,high,0,2.6,2.552,1.72,0.004,2.216
rowing,3.103207810320781,3.092050209205021,2.350069735006974,3.9344490934449095,2.785216178521618,13.825662482566248,0.4412831241283124,239,239,0,0,downweight,high,0,1.5774058577405858,1.5690376569037656,1.0125523012552302,2.200836820083682,1.3389121338912133
running,3.3010752688172045,3.3225806451612905,2.301075268817204,4.526881720430108,3.360215053763441,13.037634408602152,0.4018817204301076,248,248,0,0,downweight,high,0,1.7258064516129032,1.7419354838709677,0.9758064516129032,2.6451612903225805,1.7701612903225807
sat,3.698924731182796,3.741935483870968,2.865591397849462,1.0483870967741935,2.688172043010753,18.56989247311828,0.678494623655914,248,248,0,0,downweight,high,0,2.024193548387097,2.056451612903226,1.3991935483870968,0.036290322580645164,1.2661290322580645
scifiwriting,4.335947712418301,4.372549019607844,3.269281045751634,1.130718954248366,3.300653594771242,19.54640522875817,0.7273202614379086,257,255,2,0,downweight,high,0,2.5019607843137255,2.5294117647058822,1.7019607843137254,0.09803921568627451,1.7254901960784315
screenwriting,3.530718954248366,3.7398692810457512,2.6418300653594775,1.0470588235294118,3.279738562091503,17.58562091503268,0.629281045751634,258,255,3,0,downweight,high,0,1.8980392156862744,2.0549019607843135,1.231372549019608,0.03529411764705882,1.7098039215686274
sewing,3.011111111111111,3.0388888888888888,2.2888888888888888,4.822222222222223,2.905555555555556,12.61111111111111,0.38055555555555554,241,240,1,0,downweight,high,0,1.5083333333333333,1.5291666666666666,0.9666666666666667,2.8666666666666667,1.4291666666666667
shortstories,2.466666666666667,2.344444444444444,2.0444444444444443,1.0,2.0,15.855555555555554,0.5427777777777777,240,240,0,0,downweight,high,0,1.1,1.0083333333333333,0.7833333333333333,0.0,0.75
solotravel,3.6545454545454548,3.690909090909091,2.5212121212121215,3.587878787878788,3.715151515151515,14.563636363636364,0.4781818181818182,221,220,1,0,downweight,high,0,1.990909090909091,2.018181818181818,1.1409090909090909,1.940909090909091,2.036363636363636
songwriting,2.8392621870882744,2.80764163372859,2.0276679841897236,1.0368906455862978,3.0869565217391304,15.550724637681158,0.527536231884058,253,253,0,0,downweight,high,0,1.3794466403162056,1.3557312252964426,0.7707509881422925,0.02766798418972332,1.565217391304348
swimming,3.312925170068027,3.2802721088435374,2.4530612244897956,4.5482993197278905,3.084353741496599,13.41360544217687,0.4206802721088435,245,245,0,0,downweight,high,0,1.7346938775510203,1.7102040816326531,1.089795918367347,2.6612244897959183,1.563265306122449
travel,2.9842022116903637,2.965244865718799,2.20695102685624,3.515007898894155,2.7630331753554502,13.878357030015799,0.44391785150078994,211,211,0,0,downweight,high,0,1.4881516587677726,1.4739336492890995,0.9052132701421801,1.886255924170616,1.3222748815165877
woodworking,2.5,2.609375,2.041666666666667,4.921875,2.484375,11.744791666666668,0.33723958333333337,256,256,0,0,downweight,high,0,1.125,1.20703125,0.78125,2.94140625,1.11328125
worldbuilding,3.227576974564926,3.0455153949129854,2.2797858099062918,1.0267737617135206,2.9384203480589024,16.58768406961178,0.5793842034805889,252,249,3,0,downweight,high,0,1.6706827309236947,1.534136546184739,0.9598393574297188,0.020080321285140562,1.4538152610441768
writing,3.5908372827804107,3.5466034755134284,2.6240126382306475,1.0252764612954186,2.718799368088468,18.0173775671406,0.65086887835703,212,211,1,0,downweight,high,0,1.9431279620853081,1.9099526066350712,1.2180094786729858,0.018957345971563982,1.2890995260663507
